Bottom,Height,Top,Mass_cup,Mass_lid,Mass_packaging
1.8,2.8,1.8,0.0028845,0.0026913,0.0036007
1.8,2.8,1.9,0.0029557,0.002945,0.0036951
1.8,2.8,2.0,0.0030278,0.0031992,0.0037895
1.8,2.8,2.1,0.0031008,0.003458,0.0038839
1.8,2.8,2.2,0.0031747,0.0037228,0.0039783
1.8,2.8,2.3,0.0032497,0.0039944,0.0040727
1.8,2.8,2.4,0.0033258,0.0042765,0.004167
1.8,2.8,2.5,0.003403,0.0045703,0.0042614
1.8,2.8,2.6,0.0034814,0.0048707,0.0043558
1.8,2.8,2.7,0.0035611,0.0052154,0.0044502
1.8,2.8,2.8,0.0036422,0.0055291,0.0045446
1.8,2.7,1.8,0.0027955,0.0026913,0.0036007
1.8,2.7,1.9,0.0028642,0.002945,0.0036949
1.8,2.7,2.0,0.0029338,0.0031992,0.0037892
1.8,2.7,2.1,0.0030044,0.003458,0.0038834
1.8,2.7,2.2,0.0030759,0.0037228,0.0039777
1.8,2.7,2.3,0.0031485,0.0039944,0.0040719
1.8,2.7,2.4,0.0032223,0.0042765,0.0041661
1.8,2.7,2.5,0.0032972,0.0045703,0.0042604
1.8,2.7,2.6,0.0033734,0.0048707,0.0043546
1.8,2.7,2.7,0.003451,0.0052154,0.0044488
1.8,2.7,2.8,0.0035299,0.0055291,0.0045431
1.8,2.6,1.8,0.0034177,0.0026913,0.0036007
1.8,2.6,1.9,0.0027727,0.002945,0.0036948
1.8,2.6,2.0,0.0028399,0.0031992,0.0037888
1.8,2.6,2.1,0.002908,0.003458,0.0038829
1.8,2.6,2.2,0.0029771,0.0037228,0.003977
1.8,2.6,2.3,0.0030474,0.0039944,0.0040711
1.8,2.6,2.4,0.0031188,0.0042765,0.0041652
1.8,2.6,2.5,0.0031915,0.0045703,0.0042592
1.8,2.6,2.6,0.0032655,0.0048707,0.0043533
1.8,2.6,2.7,0.0033409,0.0052154,0.0044474
1.8,2.6,2.8,0.0034177,0.0055291,0.0045415
1.8,2.5,1.8,0.0033056,0.0026913,0.0036007
1.8,2.5,1.9,0.0026812,0.002945,0.0036946
1.8,2.5,2.0,0.0027459,0.0031992,0.0037885
1.8,2.5,2.1,0.0028116,0.003458,0.0038824
1.8,2.5,2.2,0.0028784,0.0037228,0.0039763
1.8,2.5,2.3,0.0029463,0.0039944,0.0040702
1.8,2.5,2.4,0.0030154,0.0042765,0.0041641
1.8,2.5,2.5,0.0030859,0.0045703,0.004258
1.8,2.5,2.6,0.0031577,0.0048707,0.0043519
1.8,2.5,2.7,0.0032309,0.0052154,0.0044458
1.8,2.5,2.8,0.0033056,0.0055291,0.0045397
1.8,2.4,1.8,0.0031937,0.0026913,0.0036007
1.8,2.4,1.9,0.0025897,0.002945,0.0036944
1.8,2.4,2.0,0.0026519,0.0031992,0.0037881
1.8,2.4,2.1,0.0027152,0.003458,0.0038818
1.8,2.4,2.2,0.0027796,0.0037228,0.0039755
1.8,2.4,2.3,0.0028452,0.0039944,0.0040692
1.8,2.4,2.4,0.0029121,0.0042765,0.0041629
1.8,2.4,2.5,0.0029803,0.0045703,0.0042567
1.8,2.4,2.6,0.00305,0.0048707,0.0043504
1.8,2.4,2.7,0.0031211,0.0052154,0.0044441
1.8,2.4,2.8,0.0031937,0.0055291,0.0045378
1.8,2.3,1.8,0.0024394,0.0026913,0.0036007
1.8,2.3,1.9,0.0024982,0.002945,0.0036942
1.8,2.3,2.0,0.002558,0.0031992,0.0037877
1.8,2.3,2.1,0.0026188,0.003458,0.0038812
1.8,2.3,2.2,0.0026809,0.0037228,0.0039747
1.8,2.3,2.3,0.0027442,0.0039944,0.0040682
1.8,2.3,2.4,0.0028088,0.0042765,0.0041617
1.8,2.3,2.5,0.0028749,0.0045703,0.0042552
1.8,2.3,2.6,0.0029424,0.0048707,0.0043487
1.8,2.3,2.7,0.0030114,0.0052154,0.0044422
1.8,2.3,2.8,0.0030821,0.0055291,0.0045357
1.8,2.2,1.8,0.0023504,0.0026913,0.0036007
1.8,2.2,1.9,0.0024067,0.002945,0.003694
1.8,2.2,2.0,0.002464,0.0031992,0.0037872
1.8,2.2,2.1,0.0025225,0.003458,0.0038805
1.8,2.2,2.2,0.0025822,0.0037228,0.0039738
1.8,2.2,2.3,0.0026432,0.0039944,0.0040671
1.8,2.2,2.4,0.0027056,0.0042765,0.0041603
1.8,2.2,2.5,0.0027695,0.0045703,0.0042536
1.8,2.2,2.6,0.0028349,0.0048707,0.0043469
1.8,2.2,2.7,0.0029019,0.0052154,0.0044402
1.8,2.2,2.8,0.0029706,0.0055291,0.0045334
1.8,2.1,1.8,0.0028594,0.0026913,0.0036007
1.8,2.1,1.9,0.0023152,0.002945,0.0036937
1.8,2.1,2.0,0.0023701,0.0031992,0.0037867
1.8,2.1,2.1,0.0024262,0.003458,0.0038798
1.8,2.1,2.2,0.0024836,0.0037228,0.0039728
1.8,2.1,2.3,0.0025423,0.0039944,0.0040658
1.8,2.1,2.4,0.0026025,0.0042765,0.0041588
1.8,2.1,2.5,0.0026643,0.0045703,0.0042519
1.8,2.1,2.6,0.0027276,0.0048707,0.0043449
1.8,2.1,2.7,0.0027926,0.0052154,0.0044379
1.8,2.1,2.8,0.0028594,0.0055291,0.0045309
1.7,2.8,1.7,0.0027008,0.0024441,0.0034037
1.7,2.8,1.8,0.002772,0.0026913,0.0034981
1.7,2.8,1.9,0.002844,0.002945,0.0035925
1.7,2.8,2.0,0.0029169,0.0031992,0.0036869
1.7,2.8,2.1,0.0029906,0.003458,0.0037813
1.7,2.8,2.2,0.0030654,0.0037228,0.0038757
1.7,2.8,2.3,0.0031412,0.0039944,0.0039701
1.7,2.8,2.4,0.0032182,0.0042765,0.0040645
1.7,2.8,2.5,0.0032963,0.0045703,0.0041588
1.7,2.8,2.6,0.0033756,0.0048707,0.0042532
1.7,2.8,2.7,0.0034562,0.0052154,0.0043476
1.7,2.7,1.7,0.0033488,0.0024441,0.0034037
1.7,2.7,1.8,0.0026855,0.0026913,0.003498
1.7,2.7,1.9,0.002755,0.002945,0.0035922
1.7,2.7,2.0,0.0028255,0.0031992,0.0036864
1.7,2.7,2.1,0.0028968,0.003458,0.0037807
1.7,2.7,2.2,0.0029692,0.0037228,0.0038749
1.7,2.7,2.3,0.0030427,0.0039944,0.0039692
1.7,2.7,2.4,0.0031174,0.0042765,0.0040634
1.7,2.7,2.5,0.0031932,0.0045703,0.0041576
1.7,2.7,2.6,0.0032704,0.0048707,0.0042519
1.7,2.7,2.7,0.0033488,0.0052154,0.0043461
1.7,2.6,1.7,0.0032416,0.0024441,0.0034037
1.7,2.6,1.8,0.002599,0.0026913,0.0034978
1.7,2.6,1.9,0.0026661,0.002945,0.0035919
1.7,2.6,2.0,0.0027341,0.0031992,0.0036859
1.7,2.6,2.1,0.0028031,0.003458,0.00378
1.7,2.6,2.2,0.0028731,0.0037228,0.0038741
1.7,2.6,2.3,0.0029443,0.0039944,0.0039682
1.7,2.6,2.4,0.0030166,0.0042765,0.0040622
1.7,2.6,2.5,0.0030903,0.0045703,0.0041563
1.7,2.6,2.6,0.0031652,0.0048707,0.0042504
1.7,2.6,2.7,0.0032416,0.0052154,0.0043445
1.7,2.5,1.7,0.0024488,0.0024441,0.0034037
1.7,2.5,1.8,0.0025125,0.0026913,0.0034976
1.7,2.5,1.9,0.0025771,0.002945,0.0035915
1.7,2.5,2.0,0.0026427,0.0031992,0.0036854
1.7,2.5,2.1,0.0027093,0.003458,0.0037793
1.7,2.5,2.2,0.002777,0.0037228,0.0038732
1.7,2.5,2.3,0.0028459,0.0039944,0.0039671
1.7,2.5,2.4,0.002916,0.0042765,0.004061
1.7,2.5,2.5,0.0029874,0.0045703,0.0041549
1.7,2.5,2.6,0.0030602,0.0048707,0.0042488
1.7,2.5,2.7,0.0031345,0.0052154,0.0043427
1.7,2.4,1.7,0.0023648,0.0024441,0.0034037
1.7,2.4,1.8,0.002426,0.0026913,0.0034974
1.7,2.4,1.9,0.0024882,0.002945,0.0035911
1.7,2.4,2.0,0.0025513,0.0031992,0.0036848
1.7,2.4,2.1,0.0026156,0.003458,0.0037785
1.7,2.4,2.2,0.0026809,0.0037228,0.0038723
1.7,2.4,2.3,0.0027475,0.0039944,0.003966
1.7,2.4,2.4,0.0028154,0.0042765,0.0040597
1.7,2.4,2.5,0.0028847,0.0045703,0.0041534
1.7,2.4,2.6,0.0029553,0.0048707,0.0042471
1.7,2.4,2.7,0.0030275,0.0052154,0.0043408
1.7,2.3,1.7,0.0022808,0.0024441,0.0034037
1.7,2.3,1.8,0.0023395,0.0026913,0.0034972
1.7,2.3,1.9,0.0023992,0.002945,0.0035907
1.7,2.3,2.0,0.00246,0.0031992,0.0036842
1.7,2.3,2.1,0.0025218,0.003458,0.0037777
1.7,2.3,2.2,0.0025849,0.0037228,0.0038712
1.7,2.3,2.3,0.0026492,0.0039944,0.0039647
1.7,2.3,2.4,0.0027149,0.0042765,0.0040582
1.7,2.3,2.5,0.002782,0.0045703,0.0041517
1.7,2.3,2.6,0.0028506,0.0048707,0.0042452
1.7,2.3,2.7,0.0029207,0.0052154,0.0043387
1.7,2.2,1.7,0.0021968,0.0024441,0.0034037
1.7,2.2,1.8,0.002253,0.0026913,0.003497
1.7,2.2,1.9,0.0023103,0.002945,0.0035903
1.7,2.2,2.0,0.0023686,0.0031992,0.0036835
1.7,2.2,2.1,0.0024282,0.003458,0.0037768
1.7,2.2,2.2,0.0024889,0.0037228,0.0038701
1.7,2.2,2.3,0.002551,0.0039944,0.0039634
1.7,2.2,2.4,0.0026145,0.0042765,0.0040566
1.7,2.2,2.5,0.0026795,0.0045703,0.0041499
1.7,2.2,2.6,0.002746,0.0048707,0.0042432
1.7,2.2,2.7,0.0028142,0.0052154,0.0043364
1.7,2.1,1.7,0.0021128,0.0024441,0.0034037
1.7,2.1,1.8,0.0021665,0.0026913,0.0034967
1.7,2.1,1.9,0.0022214,0.002945,0.0035898
1.7,2.1,2.0,0.0022773,0.0031992,0.0036828
1.7,2.1,2.1,0.0023345,0.003458,0.0037758
1.7,2.1,2.2,0.002393,0.0037228,0.0038688
1.7,2.1,2.3,0.0024529,0.0039944,0.0039619
1.7,2.1,2.4,0.0025142,0.0042765,0.0040549
1.7,2.1,2.5,0.0025771,0.0045703,0.0041479
1.7,2.1,2.6,0.0026416,0.0048707,0.0042409
1.7,2.1,2.7,0.0027078,0.0052154,0.004334
1.6,2.8,1.6,0.0025195,0.0022035,0.0032067
1.6,2.8,1.7,0.0025907,0.0024441,0.0033011
1.6,2.8,1.8,0.0026627,0.0026913,0.0033955
1.6,2.8,1.9,0.0027354,0.002945,0.0034899
1.6,2.8,2.0,0.0028091,0.0031992,0.0035843
1.6,2.8,2.1,0.0028836,0.003458,0.0036787
1.6,2.8,2.2,0.0029592,0.0037228,0.0037731
1.6,2.8,2.3,0.0030358,0.0039944,0.0038675
1.6,2.8,2.4,0.0031136,0.0042765,0.0039619
1.6,2.8,2.5,0.0031926,0.0045703,0.0040563
1.6,2.8,2.6,0.0032728,0.0048707,0.0041506
1.6,2.7,1.6,0.0031703,0.0022035,0.0032067
1.6,2.7,1.7,0.0025093,0.0024441,0.003301
1.6,2.7,1.8,0.0025787,0.0026913,0.0033952
1.6,2.7,1.9,0.0026491,0.002945,0.0034895
1.6,2.7,2.0,0.0027203,0.0031992,0.0035837
1.6,2.7,2.1,0.0027925,0.003458,0.0036779
1.6,2.7,2.2,0.0028657,0.0037228,0.0037722
1.6,2.7,2.3,0.00294,0.0039944,0.0038664
1.6,2.7,2.4,0.0030155,0.0042765,0.0039606
1.6,2.7,2.5,0.0030923,0.0045703,0.0040549
1.6,2.7,2.6,0.0031703,0.0048707,0.0041491
1.6,2.6,1.6,0.0023616,0.0022035,0.0032067
1.6,2.6,1.7,0.0024278,0.0024441,0.0033008
1.6,2.6,1.8,0.0024948,0.0026913,0.0033949
1.6,2.6,1.9,0.0025627,0.002945,0.003489
1.6,2.6,2.0,0.0026315,0.0031992,0.003583
1.6,2.6,2.1,0.0027013,0.003458,0.0036771
1.6,2.6,2.2,0.0027722,0.0037228,0.0037712
1.6,2.6,2.3,0.0028443,0.0039944,0.0038653
1.6,2.6,2.4,0.0029176,0.0042765,0.0039593
1.6,2.6,2.5,0.0029921,0.0045703,0.0040534
1.6,2.6,2.6,0.003068,0.0048707,0.0041475
1.6,2.5,1.6,0.0029658,0.0022035,0.0032067
1.6,2.5,1.7,0.0023463,0.0024441,0.0033006
1.6,2.5,1.8,0.0024109,0.0026913,0.0033945
1.6,2.5,1.9,0.0024763,0.002945,0.0034884
1.6,2.5,2.0,0.0025427,0.0031992,0.0035823
1.6,2.5,2.1,0.0026102,0.003458,0.0036762
1.6,2.5,2.2,0.0026788,0.0037228,0.0037701
1.6,2.5,2.3,0.0027486,0.0039944,0.003864
1.6,2.5,2.4,0.0028197,0.0042765,0.0039579
1.6,2.5,2.5,0.002892,0.0045703,0.0040518
1.6,2.5,2.6,0.0029658,0.0048707,0.0041457
1.6,2.4,1.6,0.0022036,0.0022035,0.0032067
1.6,2.4,1.7,0.0022649,0.0024441,0.0033004
1.6,2.4,1.8,0.0023269,0.0026913,0.0033942
1.6,2.4,1.9,0.00239,0.002945,0.0034879
1.6,2.4,2.0,0.002454,0.0031992,0.0035816
1.6,2.4,2.1,0.0025191,0.003458,0.0036753
1.6,2.4,2.2,0.0025854,0.0037228,0.003769
1.6,2.4,2.3,0.002653,0.0039944,0.0038627
1.6,2.4,2.4,0.0027219,0.0042765,0.0039564
1.6,2.4,2.5,0.0027921,0.0045703,0.0040501
1.6,2.4,2.6,0.0028638,0.0048707,0.0041438
1.6,2.3,1.6,0.0021247,0.0022035,0.0032067
1.6,2.3,1.7,0.0021834,0.0024441,0.0033002
1.6,2.3,1.8,0.002243,0.0026913,0.0033937
1.6,2.3,1.9,0.0023036,0.002945,0.0034872
1.6,2.3,2.0,0.0023653,0.0031992,0.0035807
1.6,2.3,2.1,0.0024281,0.003458,0.0036742
1.6,2.3,2.2,0.0024921,0.0037228,0.0037677
1.6,2.3,2.3,0.0025575,0.0039944,0.0038612
1.6,2.3,2.4,0.0026242,0.0042765,0.0039547
1.6,2.3,2.5,0.0026923,0.0045703,0.0040482
1.6,2.3,2.6,0.0027619,0.0048707,0.0041417
1.6,2.2,1.6,0.0020457,0.0022035,0.0032067
1.6,2.2,1.7,0.0021019,0.0024441,0.0033
1.6,2.2,1.8,0.0021591,0.0026913,0.0033933
1.6,2.2,1.9,0.0022173,0.002945,0.0034866
1.6,2.2,2.0,0.0022766,0.0031992,0.0035798
1.6,2.2,2.1,0.0023371,0.003458,0.0036731
1.6,2.2,2.2,0.0023989,0.0037228,0.0037664
1.6,2.2,2.3,0.002462,0.0039944,0.0038596
1.6,2.2,2.4,0.0025266,0.0042765,0.0039529
1.6,2.2,2.5,0.0025926,0.0045703,0.0040462
1.6,2.2,2.6,0.0026602,0.0048707,0.0041395
1.6,2.1,1.6,0.0019667,0.0022035,0.0032067
1.6,2.1,1.7,0.0020204,0.0024441,0.0032998
1.6,2.1,1.8,0.0020752,0.0026913,0.0033928
1.6,2.1,1.9,0.002131,0.002945,0.0034858
1.6,2.1,2.0,0.002188,0.0031992,0.0035788
1.6,2.1,2.1,0.0022462,0.003458,0.0036719
1.6,2.1,2.2,0.0023057,0.0037228,0.0037649
1.6,2.1,2.3,0.0023667,0.0039944,0.0038579
1.6,2.1,2.4,0.0024291,0.0042765,0.0039509
1.6,2.1,2.5,0.0024932,0.0045703,0.004044
1.6,2.1,2.6,0.0025588,0.0048707,0.004137
1.5,2.8,1.5,0.0031729,0.0019696,0.0030098
1.5,2.8,1.6,0.002412,0.0022035,0.0031041
1.5,2.8,1.7,0.0024839,0.0024441,0.0031985
1.5,2.8,1.8,0.0025565,0.0026913,0.0032929
1.5,2.8,1.9,0.00263,0.002945,0.0033873
1.5,2.8,2.0,0.0027044,0.0031992,0.0034817
1.5,2.8,2.1,0.0027797,0.003458,0.0035761
1.5,2.8,2.2,0.002856,0.0037228,0.0036705
1.5,2.8,2.3,0.0029335,0.0039944,0.0037649
1.5,2.8,2.4,0.003012,0.0042765,0.0038593
1.5,2.8,2.5,0.0030918,0.0045703,0.0039537
1.5,2.7,1.5,0.0029943,0.0019696,0.0030098
1.5,2.7,1.6,0.0023356,0.0022035,0.003104
1.5,2.7,1.7,0.002405,0.0024441,0.0031982
1.5,2.7,1.8,0.0024752,0.0026913,0.0032925
1.5,2.7,1.9,0.0025462,0.002945,0.0033867
1.5,2.7,2.0,0.0026182,0.0031992,0.003481
1.5,2.7,2.1,0.0026912,0.003458,0.0035752
1.5,2.7,2.2,0.0027652,0.0037228,0.0036694
1.5,2.7,2.3,0.0028404,0.0039944,0.0037637
1.5,2.7,2.4,0.0029167,0.0042765,0.0038579
1.5,2.7,2.5,0.0029943,0.0045703,0.0039521
1.5,2.6,1.5,0.0028969,0.0019696,0.0030098
1.5,2.6,1.6,0.0022591,0.0022035,0.0031038
1.5,2.6,1.7,0.002326,0.0024441,0.0031979
1.5,2.6,1.8,0.0023938,0.0026913,0.003292
1.5,2.6,1.9,0.0024624,0.002945,0.0033861
1.5,2.6,2.0,0.002532,0.0031992,0.0034801
1.5,2.6,2.1,0.0026027,0.003458,0.0035742
1.5,2.6,2.2,0.0026744,0.0037228,0.0036683
1.5,2.6,2.3,0.0027473,0.0039944,0.0037624
1.5,2.6,2.4,0.0028215,0.0042765,0.0038564
1.5,2.6,2.5,0.0028969,0.0045703,0.0039505
1.5,2.5,1.5,0.0027997,0.0019696,0.0030098
1.5,2.5,1.6,0.0021827,0.0022035,0.0031037
1.5,2.5,1.7,0.0022471,0.0024441,0.0031976
1.5,2.5,1.8,0.0023124,0.0026913,0.0032915
1.5,2.5,1.9,0.0023787,0.002945,0.0033854
1.5,2.5,2.0,0.0024459,0.0031992,0.0034793
1.5,2.5,2.1,0.0025143,0.003458,0.0035732
1.5,2.5,2.2,0.0025837,0.0037228,0.0036671
1.5,2.5,2.3,0.0026544,0.0039944,0.0037609
1.5,2.5,2.4,0.0027264,0.0042765,0.0038548
1.5,2.5,2.5,0.0027997,0.0045703,0.0039487
1.5,2.4,1.5,0.002045,0.0019696,0.0030098
1.5,2.4,1.6,0.0021062,0.0022035,0.0031035
1.5,2.4,1.7,0.0021682,0.0024441,0.0031972
1.5,2.4,1.8,0.0022311,0.0026913,0.0032909
1.5,2.4,1.9,0.002295,0.002945,0.0033846
1.5,2.4,2.0,0.0023599,0.0031992,0.0034783
1.5,2.4,2.1,0.0024259,0.003458,0.003572
1.5,2.4,2.2,0.0024931,0.0037228,0.0036657
1.5,2.4,2.3,0.0025616,0.0039944,0.0037594
1.5,2.4,2.4,0.0026314,0.0042765,0.0038531
1.5,2.4,2.5,0.0027025,0.0045703,0.0039468
1.5,2.3,1.5,0.0019711,0.0019696,0.0030098
1.5,2.3,1.6,0.0020298,0.0022035,0.0031033
1.5,2.3,1.7,0.0020893,0.0024441,0.0031968
1.5,2.3,1.8,0.0021498,0.0026913,0.0032903
1.5,2.3,1.9,0.0022113,0.002945,0.0033838
1.5,2.3,2.0,0.0022738,0.0031992,0.0034773
1.5,2.3,2.1,0.0023376,0.003458,0.0035708
1.5,2.3,2.2,0.0024025,0.0037228,0.0036643
1.5,2.3,2.3,0.0024688,0.0039944,0.0037578
1.5,2.3,2.4,0.0025365,0.0042765,0.0038513
1.5,2.3,2.5,0.0026056,0.0045703,0.0039448
1.5,2.2,1.5,0.0018971,0.0019696,0.0030098
1.5,2.2,1.6,0.0019533,0.0022035,0.003103
1.5,2.2,1.7,0.0020104,0.0024441,0.0031963
1.5,2.2,1.8,0.0020685,0.0026913,0.0032896
1.5,2.2,1.9,0.0021276,0.002945,0.0033828
1.5,2.2,2.0,0.0021878,0.0031992,0.0034761
1.5,2.2,2.1,0.0022493,0.003458,0.0035694
1.5,2.2,2.2,0.0023121,0.0037228,0.0036627
1.5,2.2,2.3,0.0023762,0.0039944,0.0037559
1.5,2.2,2.4,0.0024418,0.0042765,0.0038492
1.5,2.2,2.5,0.0025088,0.0045703,0.0039425
1.5,2.1,1.5,0.0018232,0.0019696,0.0030098
1.5,2.1,1.6,0.0018769,0.0022035,0.0031028
1.5,2.1,1.7,0.0019315,0.0024441,0.0031958
1.5,2.1,1.8,0.0019872,0.0026913,0.0032888
1.5,2.1,1.9,0.0020439,0.002945,0.0033819
1.5,2.1,2.0,0.0021019,0.0031992,0.0034749
1.5,2.1,2.1,0.0021611,0.003458,0.0035679
1.5,2.1,2.2,0.0022217,0.0037228,0.0036609
1.5,2.1,2.3,0.0022837,0.0039944,0.003754
1.5,2.1,2.4,0.0023472,0.0042765,0.003847
1.5,2.1,2.5,0.0024123,0.0045703,0.00394
1.4,2.8,1.4,0.0021646,0.0017451,0.0028128
1.4,2.8,1.5,0.0022358,0.0019696,0.0029072
1.4,2.8,1.6,0.0023076,0.0022035,0.0030016
1.4,2.8,1.7,0.0023801,0.0024441,0.003096
1.4,2.8,1.8,0.0024534,0.0026913,0.0031903
1.4,2.8,1.9,0.0025276,0.002945,0.0032847
1.4,2.8,2.0,0.0026027,0.0031992,0.0033791
1.4,2.8,2.1,0.0026787,0.003458,0.0034735
1.4,2.8,2.2,0.0027558,0.0037228,0.0035679
1.4,2.8,2.3,0.002834,0.0039944,0.0036623
1.4,2.8,2.4,0.0029134,0.0042765,0.0037567
1.4,2.7,1.4,0.0028208,0.0017451,0.0028128
1.4,2.7,1.5,0.0021644,0.0019696,0.002907
1.4,2.7,1.6,0.0022337,0.0022035,0.0030013
1.4,2.7,1.7,0.0023038,0.0024441,0.0030955
1.4,2.7,1.8,0.0023747,0.0026913,0.0031897
1.4,2.7,1.9,0.0024464,0.002945,0.003284
1.4,2.7,2.0,0.0025191,0.0031992,0.0033782
1.4,2.7,2.1,0.0025929,0.003458,0.0034725
1.4,2.7,2.2,0.0026677,0.0037228,0.0035667
1.4,2.7,2.3,0.0027437,0.0039944,0.0036609
1.4,2.7,2.4,0.0028208,0.0042765,0.0037552
1.4,2.6,1.4,0.0027284,0.0017451,0.0028128
1.4,2.6,1.5,0.0020929,0.0019696,0.0029069
1.4,2.6,1.6,0.0021598,0.0022035,0.0030009
1.4,2.6,1.7,0.0022274,0.0024441,0.003095
1.4,2.6,1.8,0.0022959,0.0026913,0.0031891
1.4,2.6,1.9,0.0023653,0.002945,0.0032832
1.4,2.6,2.0,0.0024357,0.0031992,0.0033772
1.4,2.6,2.1,0.0025071,0.003458,0.0034713
1.4,2.6,2.2,0.0025796,0.0037228,0.0035654
1.4,2.6,2.3,0.0026534,0.0039944,0.0036595
1.4,2.6,2.4,0.0027284,0.0042765,0.0037535
1.4,2.5,1.4,0.002636,0.0017451,0.0028128
1.4,2.5,1.5,0.0020215,0.0019696,0.0029067
1.4,2.5,1.6,0.0020859,0.0022035,0.0030006
1.4,2.5,1.7,0.0021511,0.0024441,0.0030945
1.4,2.5,1.8,0.0022171,0.0026913,0.0031884
1.4,2.5,1.9,0.0022842,0.002945,0.0032823
1.4,2.5,2.0,0.0023522,0.0031992,0.0033762
1.4,2.5,2.1,0.0024214,0.003458,0.0034701
1.4,2.5,2.2,0.0024917,0.0037228,0.003564
1.4,2.5,2.3,0.0025632,0.0039944,0.0036579
1.4,2.5,2.4,0.002636,0.0042765,0.0037518
1.4,2.4,1.4,0.0025438,0.0017451,0.0028128
1.4,2.4,1.5,0.0019501,0.0019696,0.0029065
1.4,2.4,1.6,0.002012,0.0022035,0.0030002
1.4,2.4,1.7,0.0020747,0.0024441,0.0030939
1.4,2.4,1.8,0.0021384,0.0026913,0.0031876
1.4,2.4,1.9,0.0022031,0.002945,0.0032813
1.4,2.4,2.0,0.0022688,0.0031992,0.003375
1.4,2.4,2.1,0.0023357,0.003458,0.0034687
1.4,2.4,2.2,0.0024038,0.0037228,0.0035624
1.4,2.4,2.3,0.0024731,0.0039944,0.0036561
1.4,2.4,2.4,0.0025438,0.0042765,0.0037499
1.4,2.3,1.4,0.00182,0.0017451,0.0028128
1.4,2.3,1.5,0.0018786,0.0019696,0.0029063
1.4,2.3,1.6,0.0019381,0.0022035,0.0029998
1.4,2.3,1.7,0.0019984,0.0024441,0.0030933
1.4,2.3,1.8,0.0020597,0.0026913,0.0031868
1.4,2.3,1.9,0.002122,0.002945,0.0032803
1.4,2.3,2.0,0.0021855,0.0031992,0.0033738
1.4,2.3,2.1,0.0022501,0.003458,0.0034673
1.4,2.3,2.2,0.002316,0.0037228,0.0035608
1.4,2.3,2.3,0.0023832,0.0039944,0.0036543
1.4,2.3,2.4,0.0024518,0.0042765,0.0037478
1.4,2.2,1.4,0.0023599,0.0017451,0.0028128
1.4,2.2,1.5,0.0018072,0.0019696,0.0029061
1.4,2.2,1.6,0.0018642,0.0022035,0.0029993
1.4,2.2,1.7,0.0019221,0.0024441,0.0030926
1.4,2.2,1.8,0.001981,0.0026913,0.0031859
1.4,2.2,1.9,0.002041,0.002945,0.0032791
1.4,2.2,2.0,0.0021022,0.0031992,0.0033724
1.4,2.2,2.1,0.0021646,0.003458,0.0034657
1.4,2.2,2.2,0.0022283,0.0037228,0.003559
1.4,2.2,2.3,0.0022934,0.0039944,0.0036522
1.4,2.2,2.4,0.0023599,0.0042765,0.0037455
1.4,2.1,1.4,0.0016821,0.0017451,0.0028128
1.4,2.1,1.5,0.0017358,0.0019696,0.0029058
1.4,2.1,1.6,0.0017903,0.0022035,0.0029988
1.4,2.1,1.7,0.0018458,0.0024441,0.0030919
1.4,2.1,1.8,0.0019024,0.0026913,0.0031849
1.4,2.1,1.9,0.0019601,0.002945,0.0032779
1.4,2.1,2.0,0.002019,0.0031992,0.0033709
1.4,2.1,2.1,0.0020792,0.003458,0.0034639
1.4,2.1,2.2,0.0021407,0.0037228,0.003557
1.4,2.1,2.3,0.0022037,0.0039944,0.00365
1.4,2.1,2.4,0.0022683,0.0042765,0.003743
1.3,2.8,1.3,0.0019909,0.0042765,0.0026158
1.3,2.8,1.4,0.0020621,0.0017451,0.0027102
1.3,2.8,1.5,0.0021338,0.0019696,0.0028046
1.3,2.8,1.6,0.0022062,0.0022035,0.002899
1.3,2.8,1.7,0.0022794,0.0024441,0.0029934
1.3,2.8,1.8,0.0023533,0.0026913,0.0030878
1.3,2.8,1.9,0.0024282,0.002945,0.0031821
1.3,2.8,2.0,0.0025039,0.0031992,0.0032765
1.3,2.8,2.1,0.0025807,0.003458,0.0033709
1.3,2.8,2.2,0.0026585,0.0037228,0.0034653
1.3,2.8,2.3,0.0027375,0.0039944,0.0035597
1.3,2.7,1.3,0.001927,0.0039944,0.0026158
1.3,2.7,1.4,0.0019957,0.0017451,0.00271
1.3,2.7,1.5,0.0020649,0.0019696,0.0028043
1.3,2.7,1.6,0.0021349,0.0022035,0.0028985
1.3,2.7,1.7,0.0022056,0.0024441,0.0029928
1.3,2.7,1.8,0.0022772,0.0026913,0.003087
1.3,2.7,1.9,0.0023496,0.002945,0.0031812
1.3,2.7,2.0,0.0024231,0.0031992,0.0032755
1.3,2.7,2.1,0.0024975,0.003458,0.0033697
1.3,2.7,2.2,0.0025731,0.0037228,0.0034639
1.3,2.7,2.3,0.0026498,0.0039944,0.0035582
1.3,2.6,1.3,0.0025623,0.0039944,0.0026158
1.3,2.6,1.4,0.0019293,0.0017451,0.0027099
1.3,2.6,1.5,0.001996,0.0019696,0.0028039
1.3,2.6,1.6,0.0020635,0.0022035,0.002898
1.3,2.6,1.7,0.0021319,0.0024441,0.0029921
1.3,2.6,1.8,0.002201,0.0026913,0.0030862
1.3,2.6,1.9,0.0022711,0.002945,0.0031803
1.3,2.6,2.0,0.0023423,0.0031992,0.0032743
1.3,2.6,2.1,0.0024145,0.003458,0.0033684
1.3,2.6,2.2,0.0024878,0.0037228,0.0034625
1.3,2.6,2.3,0.0025623,0.0039944,0.0035566
1.3,2.5,1.3,0.0024749,0.0039944,0.0026158
1.3,2.5,1.4,0.0018628,0.0017451,0.0027097
1.3,2.5,1.5,0.0019272,0.0019696,0.0028036
1.3,2.5,1.6,0.0019922,0.0022035,0.0028975
1.3,2.5,1.7,0.0020581,0.0024441,0.0029914
1.3,2.5,1.8,0.0021249,0.0026913,0.0030853
1.3,2.5,1.9,0.0021927,0.002945,0.0031792
1.3,2.5,2.0,0.0022615,0.0031992,0.0032731
1.3,2.5,2.1,0.0023314,0.003458,0.003367
1.3,2.5,2.2,0.0024026,0.0037228,0.0034609
1.3,2.5,2.3,0.0024749,0.0039944,0.0035548
1.3,2.4,1.3,0.0023876,0.0039944,0.0026158
1.3,2.4,1.4,0.0017964,0.0017451,0.0027095
1.3,2.4,1.5,0.0018583,0.0019696,0.0028032
1.3,2.4,1.6,0.0019209,0.0022035,0.0028969
1.3,2.4,1.7,0.0019844,0.0024441,0.0029906
1.3,2.4,1.8,0.0020488,0.0026913,0.0030843
1.3,2.4,1.9,0.0021143,0.002945,0.003178
1.3,2.4,2.0,0.0021808,0.0031992,0.0032718
1.3,2.4,2.1,0.0022485,0.003458,0.0033655
1.3,2.4,2.2,0.0023174,0.0037228,0.0034592
1.3,2.4,2.3,0.0023876,0.0039944,0.0035529
1.3,2.3,1.3,0.0023005,0.0039944,0.0026158
1.3,2.3,1.4,0.00173,0.0017451,0.0027093
1.3,2.3,1.5,0.0017894,0.0019696,0.0028028
1.3,2.3,1.6,0.0018496,0.0022035,0.0028963
1.3,2.3,1.7,0.0019107,0.0024441,0.0029898
1.3,2.3,1.8,0.0019728,0.0026913,0.0030833
1.3,2.3,1.9,0.0020359,0.002945,0.0031768
1.3,2.3,2.0,0.0021002,0.0031992,0.0032703
1.3,2.3,2.1,0.0021657,0.003458,0.0033638
1.3,2.3,2.2,0.0022324,0.0037228,0.0034573
1.3,2.3,2.3,0.0023005,0.0039944,0.0035508
1.3,2.2,1.3,0.0016075,0.0039944,0.0026158
1.3,2.2,1.4,0.0016636,0.0017451,0.0027091
1.3,2.2,1.5,0.0017205,0.0019696,0.0028023
1.3,2.2,1.6,0.0017783,0.0022035,0.0028956
1.3,2.2,1.7,0.001837,0.0024441,0.0029889
1.3,2.2,1.8,0.0018968,0.0026913,0.0030822
1.3,2.2,1.9,0.0019576,0.002945,0.0031754
1.3,2.2,2.0,0.0020196,0.0031992,0.0032687
1.3,2.2,2.1,0.0020829,0.003458,0.003362
1.3,2.2,2.2,0.0021475,0.0037228,0.0034553
1.3,2.2,2.3,0.0022135,0.0039944,0.0035485
1.3,2.1,1.3,0.0015436,0.0039944,0.0026158
1.3,2.1,1.4,0.0015972,0.0017451,0.0027088
1.3,2.1,1.5,0.0016517,0.0019696,0.0028018
1.3,2.1,1.6,0.001707,0.0022035,0.0028949
1.3,2.1,1.7,0.0017634,0.0024441,0.0029879
1.3,2.1,1.8,0.0018208,0.0026913,0.0030809
1.3,2.1,1.9,0.0018794,0.002945,0.0031739
1.3,2.1,2.0,0.0019392,0.0031992,0.003267
1.3,2.1,2.1,0.0020003,0.003458,0.00336
1.3,2.1,2.2,0.0020628,0.0037228,0.003453
1.3,2.1,2.3,0.0021268,0.0039944,0.003546
1.2,2.8,1.2,0.0018198,0.0039944,0.0024188
1.2,2.8,1.3,0.0018909,0.0039944,0.0025132
1.2,2.8,1.4,0.0019625,0.0017451,0.0026076
1.2,2.8,1.5,0.0020348,0.0019696,0.002702
1.2,2.8,1.6,0.0021078,0.0022035,0.0027964
1.2,2.8,1.7,0.0021816,0.0024441,0.0028908
1.2,2.8,1.8,0.0022562,0.0026913,0.0029852
1.2,2.8,1.9,0.0023317,0.002945,0.0030796
1.2,2.8,2.0,0.0024081,0.0031992,0.0031739
1.2,2.8,2.1,0.0024855,0.003458,0.0032683
1.2,2.8,2.2,0.0025641,0.0037228,0.0033627
1.2,2.7,1.2,0.0017609,0.0037228,0.0024188
1.2,2.7,1.3,0.0018295,0.0037228,0.0025131
1.2,2.7,1.4,0.0018987,0.0017451,0.0026073
1.2,2.7,1.5,0.0019685,0.0019696,0.0027015
1.2,2.7,1.6,0.0020391,0.0022035,0.0027958
1.2,2.7,1.7,0.0021104,0.0024441,0.00289
1.2,2.7,1.8,0.0021826,0.0026913,0.0029843
1.2,2.7,1.9,0.0022558,0.002945,0.0030785
1.2,2.7,2.0,0.0023299,0.0031992,0.0031727
1.2,2.7,2.1,0.0024051,0.003458,0.003267
1.2,2.7,2.2,0.0024814,0.0037228,0.0033612
1.2,2.6,1.2,0.001702,0.0037228,0.0024188
1.2,2.6,1.3,0.0017681,0.0037228,0.0025129
1.2,2.6,1.4,0.0018348,0.0017451,0.002607
1.2,2.6,1.5,0.0019022,0.0019696,0.002701
1.2,2.6,1.6,0.0019703,0.0022035,0.0027951
1.2,2.6,1.7,0.0020393,0.0024441,0.0028892
1.2,2.6,1.8,0.0021091,0.0026913,0.0029833
1.2,2.6,1.9,0.0021799,0.002945,0.0030773
1.2,2.6,2.0,0.0022518,0.0031992,0.0031714
1.2,2.6,2.1,0.0023247,0.003458,0.0032655
1.2,2.6,2.2,0.0023988,0.0037228,0.0033596
1.2,2.5,1.2,0.0016431,0.0037228,0.0024188
1.2,2.5,1.3,0.0017067,0.0037228,0.0025127
1.2,2.5,1.4,0.0017709,0.0017451,0.0026066
1.2,2.5,1.5,0.0018359,0.0019696,0.0027005
1.2,2.5,1.6,0.0019016,0.0022035,0.0027944
1.2,2.5,1.7,0.0019682,0.0024441,0.0028883
1.2,2.5,1.8,0.0020357,0.0026913,0.0029822
1.2,2.5,1.9,0.0021042,0.002945,0.0030761
1.2,2.5,2.0,0.0021737,0.0031992,0.00317
1.2,2.5,2.1,0.0022444,0.003458,0.0032639
1.2,2.5,2.2,0.0023163,0.0037228,0.0033578
1.2,2.4,1.2,0.0015842,0.0037228,0.0024188
1.2,2.4,1.3,0.0016453,0.0037228,0.0025125
1.2,2.4,1.4,0.0017071,0.0017451,0.0026062
1.2,2.4,1.5,0.0017696,0.0019696,0.0026999
1.2,2.4,1.6,0.0018329,0.0022035,0.0027936
1.2,2.4,1.7,0.0018971,0.0024441,0.0028874
1.2,2.4,1.8,0.0019622,0.0026913,0.0029811
1.2,2.4,1.9,0.0020284,0.002945,0.0030748
1.2,2.4,2.0,0.0020957,0.0031992,0.0031685
1.2,2.4,2.1,0.0021642,0.003458,0.0032622
1.2,2.4,2.2,0.0022339,0.0037228,0.0033559
1.2,2.3,1.2,0.0021517,0.0037228,0.0024188
1.2,2.3,1.3,0.0015839,0.0037228,0.0025123
1.2,2.3,1.4,0.0016432,0.0017451,0.0026058
1.2,2.3,1.5,0.0017033,0.0019696,0.0026993
1.2,2.3,1.6,0.0017642,0.0022035,0.0027928
1.2,2.3,1.7,0.001826,0.0024441,0.0028863
1.2,2.3,1.8,0.0018889,0.0026913,0.0029798
1.2,2.3,1.9,0.0019528,0.002945,0.0030733
1.2,2.3,2.0,0.0020179,0.0031992,0.0031668
1.2,2.3,2.1,0.0020841,0.003458,0.0032603
1.2,2.3,2.2,0.0021517,0.0037228,0.0033538
1.2,2.2,1.2,0.0014664,0.0037228,0.0024188
1.2,2.2,1.3,0.0015226,0.0037228,0.0025121
1.2,2.2,1.4,0.0015794,0.0017451,0.0026054
1.2,2.2,1.5,0.001637,0.0019696,0.0026986
1.2,2.2,1.6,0.0016955,0.0022035,0.0027919
1.2,2.2,1.7,0.001755,0.0024441,0.0028852
1.2,2.2,1.8,0.0018155,0.0026913,0.0029785
1.2,2.2,1.9,0.0018772,0.002945,0.0030717
1.2,2.2,2.0,0.0019401,0.0031992,0.003165
1.2,2.2,2.1,0.0020042,0.003458,0.0032583
1.2,2.2,2.2,0.0020697,0.0037228,0.0033515
1.2,2.1,1.2,0.0014076,0.0037228,0.0024188
1.2,2.1,1.3,0.0014612,0.0037228,0.0025118
1.2,2.1,1.4,0.0015155,0.0017451,0.0026049
1.2,2.1,1.5,0.0015707,0.0019696,0.0026979
1.2,2.1,1.6,0.0016269,0.0022035,0.0027909
1.2,2.1,1.7,0.001684,0.0024441,0.0028839
1.2,2.1,1.8,0.0017423,0.0026913,0.002977
1.2,2.1,1.9,0.0018017,0.002945,0.00307
1.2,2.1,2.0,0.0018624,0.0031992,0.003163
1.2,2.1,2.1,0.0019244,0.003458,0.003256
1.2,2.1,2.2,0.0019878,0.0037228,0.0033491
1.1,2.8,1.1,0.0016511,0.0037228,0.0022218
1.1,2.8,1.2,0.0017222,0.0037228,0.0023162
1.1,2.8,1.3,0.0017938,0.0037228,0.0024106
1.1,2.8,1.4,0.001866,0.0017451,0.002505
1.1,2.8,1.5,0.0019388,0.0019696,0.0025994
1.1,2.8,1.6,0.0020124,0.0022035,0.0026938
1.1,2.8,1.7,0.0020867,0.0024441,0.0027882
1.1,2.8,1.8,0.0021619,0.0026913,0.0028826
1.1,2.8,1.9,0.002238,0.002945,0.002977
1.1,2.8,2.0,0.0023151,0.0031992,0.0030714
1.1,2.8,2.1,0.0023932,0.003458,0.0031657
1.1,2.7,1.1,0.0023154,0.003458,0.0022218
1.1,2.7,1.2,0.0016658,0.003458,0.0023161
1.1,2.7,1.3,0.0017349,0.003458,0.0024103
1.1,2.7,1.4,0.0018047,0.0017451,0.0025046
1.1,2.7,1.5,0.0018751,0.0019696,0.0025988
1.1,2.7,1.6,0.0019462,0.0022035,0.002693
1.1,2.7,1.7,0.0020182,0.0024441,0.0027873
1.1,2.7,1.8,0.002091,0.0026913,0.0028815
1.1,2.7,1.9,0.0021648,0.002945,0.0029758
1.1,2.7,2.0,0.0022396,0.0031992,0.00307
1.1,2.7,2.1,0.0023154,0.003458,0.0031642
1.1,2.6,1.1,0.0022378,0.003458,0.0022218
1.1,2.6,1.2,0.0016094,0.003458,0.0023159
1.1,2.6,1.3,0.0016761,0.003458,0.00241
1.1,2.6,1.4,0.0017434,0.0017451,0.0025041
1.1,2.6,1.5,0.0018113,0.0019696,0.0025981
1.1,2.6,1.6,0.0018801,0.0022035,0.0026922
1.1,2.6,1.7,0.0019496,0.0024441,0.0027863
1.1,2.6,1.8,0.0020201,0.0026913,0.0028804
1.1,2.6,1.9,0.0020916,0.002945,0.0029744
1.1,2.6,2.0,0.0021641,0.0031992,0.0030685
1.1,2.6,2.1,0.0022378,0.003458,0.0031626
1.1,2.5,1.1,0.0014895,0.003458,0.0022218
1.1,2.5,1.2,0.0015531,0.003458,0.0023157
1.1,2.5,1.3,0.0016172,0.003458,0.0024096
1.1,2.5,1.4,0.0016821,0.0017451,0.0025035
1.1,2.5,1.5,0.0017476,0.0019696,0.0025974
1.1,2.5,1.6,0.0018139,0.0022035,0.0026913
1.1,2.5,1.7,0.0018812,0.0024441,0.0027852
1.1,2.5,1.8,0.0019493,0.0026913,0.0028791
1.1,2.5,1.9,0.0020185,0.002945,0.002973
1.1,2.5,2.0,0.0020888,0.0031992,0.0030669
1.1,2.5,2.1,0.0021602,0.003458,0.0031608
1.1,2.4,1.1,0.0014356,0.003458,0.0022218
1.1,2.4,1.2,0.0014967,0.003458,0.0023155
1.1,2.4,1.3,0.0015584,0.003458,0.0024093
1.1,2.4,1.4,0.0016208,0.0017451,0.002503
1.1,2.4,1.5,0.0016839,0.0019696,0.0025967
1.1,2.4,1.6,0.0017479,0.0022035,0.0026904
1.1,2.4,1.7,0.0018127,0.0024441,0.0027841
1.1,2.4,1.8,0.0018786,0.0026913,0.0028778
1.1,2.4,1.9,0.0019455,0.002945,0.0029715
1.1,2.4,2.0,0.0020135,0.0031992,0.0030652
1.1,2.4,2.1,0.0020828,0.003458,0.0031589
1.1,2.3,1.1,0.0013818,0.003458,0.0022218
1.1,2.3,1.2,0.0014404,0.003458,0.0023153
1.1,2.3,1.3,0.0014996,0.003458,0.0024088
1.1,2.3,1.4,0.0015595,0.0017451,0.0025023
1.1,2.3,1.5,0.0016202,0.0019696,0.0025958
1.1,2.3,1.6,0.0016818,0.0022035,0.0026893
1.1,2.3,1.7,0.0017443,0.0024441,0.0027828
1.1,2.3,1.8,0.0018079,0.0026913,0.0028763
1.1,2.3,1.9,0.0018726,0.002945,0.0029698
1.1,2.3,2.0,0.0019384,0.0031992,0.0030633
1.1,2.3,2.1,0.0020055,0.003458,0.0031568
1.1,2.2,1.1,0.0013279,0.003458,0.0022218
1.1,2.2,1.2,0.001384,0.003458,0.0023151
1.1,2.2,1.3,0.0014407,0.003458,0.0024084
1.1,2.2,1.4,0.0014982,0.0017451,0.0025017
1.1,2.2,1.5,0.0015565,0.0019696,0.0025949
1.1,2.2,1.6,0.0016158,0.0022035,0.0026882
1.1,2.2,1.7,0.001676,0.0024441,0.0027815
1.1,2.2,1.8,0.0017373,0.0026913,0.0028747
1.1,2.2,1.9,0.0017997,0.002945,0.002968
1.1,2.2,2.0,0.0018634,0.0031992,0.0030613
1.1,2.2,2.1,0.0019283,0.003458,0.0031546
1.1,2.1,1.1,0.001274,0.003458,0.0022218
1.1,2.1,1.2,0.0013276,0.003458,0.0023149
1.1,2.1,1.3,0.0013819,0.003458,0.0024079
1.1,2.1,1.4,0.001437,0.0017451,0.0025009
1.1,2.1,1.5,0.0014929,0.0019696,0.0025939
1.1,2.1,1.6,0.0015498,0.0022035,0.002687
1.1,2.1,1.7,0.0016077,0.0024441,0.00278
1.1,2.1,1.8,0.0016667,0.0026913,0.002873
1.1,2.1,1.9,0.001727,0.002945,0.002966
1.1,2.1,2.0,0.0017885,0.0031992,0.0030591
1.1,2.1,2.1,0.0018513,0.003458,0.0031521
